date_key,date,year,month,month_name,weekday,weekday_number,is_weekend
20260410,2026-04-10,2026,4,April,Friday,5,0
20260411,2026-04-11,2026,4,April,Saturday,6,1
20260412,2026-04-12,2026,4,April,Sunday,7,1
20260413,2026-04-13,2026,4,April,Monday,1,0
20260414,2026-04-14,2026,4,April,Tuesday,2,0
20260415,2026-04-15,2026,4,April,Wednesday,3,0
20260416,2026-04-16,2026,4,April,Thursday,4,0
20260417,2026-04-17,2026,4,April,Friday,5,0
20260418,2026-04-18,2026,4,April,Saturday,6,1
20260419,2026-04-19,2026,4,April,Sunday,7,1
20260420,2026-04-20,2026,4,April,Monday,1,0
20260421,2026-04-21,2026,4,April,Tuesday,2,0
20260422,2026-04-22,2026,4,April,Wednesday,3,0
20260423,2026-04-23,2026,4,April,Thursday,4,0
20260424,2026-04-24,2026,4,April,Friday,5,0
20260425,2026-04-25,2026,4,April,Saturday,6,1
20260426,2026-04-26,2026,4,April,Sunday,7,1
20260427,2026-04-27,2026,4,April,Monday,1,0
20260428,2026-04-28,2026,4,April,Tuesday,2,0
20260429,2026-04-29,2026,4,April,Wednesday,3,0
20260430,2026-04-30,2026,4,April,Thursday,4,0
20260501,2026-05-01,2026,5,May,Friday,5,0
20260502,2026-05-02,2026,5,May,Saturday,6,1
20260503,2026-05-03,2026,5,May,Sunday,7,1
20260504,2026-05-04,2026,5,May,Monday,1,0
20260505,2026-05-05,2026,5,May,Tuesday,2,0
20260506,2026-05-06,2026,5,May,Wednesday,3,0
20260507,2026-05-07,2026,5,May,Thursday,4,0
20260508,2026-05-08,2026,5,May,Friday,5,0
20260509,2026-05-09,2026,5,May,Saturday,6,1
20260510,2026-05-10,2026,5,May,Sunday,7,1
20260511,2026-05-11,2026,5,May,Monday,1,0
20260512,2026-05-12,2026,5,May,Tuesday,2,0
20260513,2026-05-13,2026,5,May,Wednesday,3,0
20260514,2026-05-14,2026,5,May,Thursday,4,0
20260515,2026-05-15,2026,5,May,Friday,5,0
20260516,2026-05-16,2026,5,May,Saturday,6,1
20260517,2026-05-17,2026,5,May,Sunday,7,1
20260518,2026-05-18,2026,5,May,Monday,1,0
20260519,2026-05-19,2026,5,May,Tuesday,2,0
20260520,2026-05-20,2026,5,May,Wednesday,3,0
20260521,2026-05-21,2026,5,May,Thursday,4,0
20260522,2026-05-22,2026,5,May,Friday,5,0
20260523,2026-05-23,2026,5,May,Saturday,6,1
20260524,2026-05-24,2026,5,May,Sunday,7,1
20260525,2026-05-25,2026,5,May,Monday,1,0
20260526,2026-05-26,2026,5,May,Tuesday,2,0
20260527,2026-05-27,2026,5,May,Wednesday,3,0
20260528,2026-05-28,2026,5,May,Thursday,4,0
20260529,2026-05-29,2026,5,May,Friday,5,0
20260530,2026-05-30,2026,5,May,Saturday,6,1
20260531,2026-05-31,2026,5,May,Sunday,7,1
20260601,2026-06-01,2026,6,June,Monday,1,0
20260602,2026-06-02,2026,6,June,Tuesday,2,0
20260603,2026-06-03,2026,6,June,Wednesday,3,0
20260604,2026-06-04,2026,6,June,Thursday,4,0
20260605,2026-06-05,2026,6,June,Friday,5,0
20260606,2026-06-06,2026,6,June,Saturday,6,1
20260607,2026-06-07,2026,6,June,Sunday,7,1
20260608,2026-06-08,2026,6,June,Monday,1,0
20260609,2026-06-09,2026,6,June,Tuesday,2,0
20260610,2026-06-10,2026,6,June,Wednesday,3,0
20260611,2026-06-11,2026,6,June,Thursday,4,0
20260612,2026-06-12,2026,6,June,Friday,5,0
20260613,2026-06-13,2026,6,June,Saturday,6,1
20260614,2026-06-14,2026,6,June,Sunday,7,1
20260615,2026-06-15,2026,6,June,Monday,1,0
20260616,2026-06-16,2026,6,June,Tuesday,2,0
20260617,2026-06-17,2026,6,June,Wednesday,3,0
20260618,2026-06-18,2026,6,June,Thursday,4,0
20260619,2026-06-19,2026,6,June,Friday,5,0
20260620,2026-06-20,2026,6,June,Saturday,6,1
20260621,2026-06-21,2026,6,June,Sunday,7,1
20260622,2026-06-22,2026,6,June,Monday,1,0
20260623,2026-06-23,2026,6,June,Tuesday,2,0
20260624,2026-06-24,2026,6,June,Wednesday,3,0
20260625,2026-06-25,2026,6,June,Thursday,4,0
20260626,2026-06-26,2026,6,June,Friday,5,0
20260627,2026-06-27,2026,6,June,Saturday,6,1
20260628,2026-06-28,2026,6,June,Sunday,7,1
20260629,2026-06-29,2026,6,June,Monday,1,0
20260630,2026-06-30,2026,6,June,Tuesday,2,0
20260701,2026-07-01,2026,7,July,Wednesday,3,0
20260702,2026-07-02,2026,7,July,Thursday,4,0
20260703,2026-07-03,2026,7,July,Friday,5,0
20260704,2026-07-04,2026,7,July,Saturday,6,1
20260705,2026-07-05,2026,7,July,Sunday,7,1
20260706,2026-07-06,2026,7,July,Monday,1,0
20260707,2026-07-07,2026,7,July,Tuesday,2,0
20260708,2026-07-08,2026,7,July,Wednesday,3,0
20260709,2026-07-09,2026,7,July,Thursday,4,0
20260710,2026-07-10,2026,7,July,Friday,5,0
20260711,2026-07-11,2026,7,July,Saturday,6,1
20260712,2026-07-12,2026,7,July,Sunday,7,1
20260713,2026-07-13,2026,7,July,Monday,1,0
20260714,2026-07-14,2026,7,July,Tuesday,2,0
20260715,2026-07-15,2026,7,July,Wednesday,3,0
20260716,2026-07-16,2026,7,July,Thursday,4,0
20260717,2026-07-17,2026,7,July,Friday,5,0
20260718,2026-07-18,2026,7,July,Saturday,6,1
20260719,2026-07-19,2026,7,July,Sunday,7,1
20260720,2026-07-20,2026,7,July,Monday,1,0
20260721,2026-07-21,2026,7,July,Tuesday,2,0
20260722,2026-07-22,2026,7,July,Wednesday,3,0
20260723,2026-07-23,2026,7,July,Thursday,4,0
20260724,2026-07-24,2026,7,July,Friday,5,0
20260725,2026-07-25,2026,7,July,Saturday,6,1
20260726,2026-07-26,2026,7,July,Sunday,7,1
20260727,2026-07-27,2026,7,July,Monday,1,0
20260728,2026-07-28,2026,7,July,Tuesday,2,0
20260729,2026-07-29,2026,7,July,Wednesday,3,0
20260730,2026-07-30,2026,7,July,Thursday,4,0
20260731,2026-07-31,2026,7,July,Friday,5,0
20260801,2026-08-01,2026,8,August,Saturday,6,1
20260802,2026-08-02,2026,8,August,Sunday,7,1
20260803,2026-08-03,2026,8,August,Monday,1,0
20260804,2026-08-04,2026,8,August,Tuesday,2,0
20260805,2026-08-05,2026,8,August,Wednesday,3,0
20260806,2026-08-06,2026,8,August,Thursday,4,0
20260807,2026-08-07,2026,8,August,Friday,5,0
20260808,2026-08-08,2026,8,August,Saturday,6,1
20260809,2026-08-09,2026,8,August,Sunday,7,1
20260810,2026-08-10,2026,8,August,Monday,1,0
20260811,2026-08-11,2026,8,August,Tuesday,2,0
20260812,2026-08-12,2026,8,August,Wednesday,3,0
20260813,2026-08-13,2026,8,August,Thursday,4,0
20260814,2026-08-14,2026,8,August,Friday,5,0
20260815,2026-08-15,2026,8,August,Saturday,6,1
20260816,2026-08-16,2026,8,August,Sunday,7,1
20260817,2026-08-17,2026,8,August,Monday,1,0
20260818,2026-08-18,2026,8,August,Tuesday,2,0
20260819,2026-08-19,2026,8,August,Wednesday,3,0
20260820,2026-08-20,2026,8,August,Thursday,4,0
20260821,2026-08-21,2026,8,August,Friday,5,0
20260822,2026-08-22,2026,8,August,Saturday,6,1
20260823,2026-08-23,2026,8,August,Sunday,7,1
20260824,2026-08-24,2026,8,August,Monday,1,0
20260825,2026-08-25,2026,8,August,Tuesday,2,0
20260826,2026-08-26,2026,8,August,Wednesday,3,0
20260827,2026-08-27,2026,8,August,Thursday,4,0
20260828,2026-08-28,2026,8,August,Friday,5,0
20260829,2026-08-29,2026,8,August,Saturday,6,1
20260830,2026-08-30,2026,8,August,Sunday,7,1
20260831,2026-08-31,2026,8,August,Monday,1,0
20260901,2026-09-01,2026,9,September,Tuesday,2,0
20260902,2026-09-02,2026,9,September,Wednesday,3,0
20260903,2026-09-03,2026,9,September,Thursday,4,0
20260904,2026-09-04,2026,9,September,Friday,5,0
20260905,2026-09-05,2026,9,September,Saturday,6,1
20260906,2026-09-06,2026,9,September,Sunday,7,1
20260907,2026-09-07,2026,9,September,Monday,1,0
20260908,2026-09-08,2026,9,September,Tuesday,2,0
20260909,2026-09-09,2026,9,September,Wednesday,3,0
20260910,2026-09-10,2026,9,September,Thursday,4,0
20260911,2026-09-11,2026,9,September,Friday,5,0
20260912,2026-09-12,2026,9,September,Saturday,6,1
20260913,2026-09-13,2026,9,September,Sunday,7,1
20260914,2026-09-14,2026,9,September,Monday,1,0
20260915,2026-09-15,2026,9,September,Tuesday,2,0
20260916,2026-09-16,2026,9,September,Wednesday,3,0
20260917,2026-09-17,2026,9,September,Thursday,4,0
20260918,2026-09-18,2026,9,September,Friday,5,0
20260919,2026-09-19,2026,9,September,Saturday,6,1
20260920,2026-09-20,2026,9,September,Sunday,7,1
20260921,2026-09-21,2026,9,September,Monday,1,0
20260922,2026-09-22,2026,9,September,Tuesday,2,0
20260923,2026-09-23,2026,9,September,Wednesday,3,0
20260924,2026-09-24,2026,9,September,Thursday,4,0
20260925,2026-09-25,2026,9,September,Friday,5,0
20260926,2026-09-26,2026,9,September,Saturday,6,1
20260927,2026-09-27,2026,9,September,Sunday,7,1
20260928,2026-09-28,2026,9,September,Monday,1,0
20260929,2026-09-29,2026,9,September,Tuesday,2,0
20260930,2026-09-30,2026,9,September,Wednesday,3,0
20261001,2026-10-01,2026,10,October,Thursday,4,0
20261002,2026-10-02,2026,10,October,Friday,5,0
20261003,2026-10-03,2026,10,October,Saturday,6,1
20261004,2026-10-04,2026,10,October,Sunday,7,1
20261005,2026-10-05,2026,10,October,Monday,1,0
