model_key,mae,rmse,r2,total_profit_eur,pct_of_perfect,fit_predict_seconds,perfect_profit_eur
1,41.07185185185186,64.5558997246515,0.25278392330832156,106156.33877142539,94.25432402975973,0.07539081573486328,112627.55302123618
2,30.744020533449966,45.34534114154161,0.6313284050796034,106540.17446066387,94.59512490746867,0.2550647258758545,112627.55302123618
3,66.3802560086124,87.71490218303884,-0.37949807095964916,104792.25912195849,93.04318198425182,5.747355699539185,112627.55302123618
4,40.359522321492584,57.58005441421588,0.40554570034501536,102756.33268030002,91.23551912818802,13.638573408126831,112627.55302123618
5,28.228452384200914,43.7849265290761,0.6562651377813957,107092.79752177879,95.08578908891522,72.4533805847168,112627.55302123618
6,29.87472019012065,44.54073327503668,0.6442957486884517,107039.65660820212,95.03860621744978,10.783536195755005,112627.55302123618
7,29.941811407588972,44.574223742686115,0.6437606348964644,106979.7790791587,94.98544202499669,8.377781391143799,112627.55302123618
8,35.06186396287828,50.956992367079906,0.5344333057245361,103725.59715966471,92.09611181031964,53.61150670051575,112627.55302123618
9,47.58448180910809,63.69438198113131,0.2725944893593104,97781.72150038334,86.8186503900572,65.59446215629578,112627.55302123618
10,32.95590034243034,50.03465084215589,0.5511346539338323,101564.80242626072,90.17758062017955,71.11452960968018,112627.55302123618
11,33.32610613913044,49.89340958866765,0.5536652530491939,101400.74955534727,90.03192099559148,79.77702260017395,112627.55302123618
12,33.499631911523885,49.202599817656846,0.565939333576126,102909.13151813003,91.37118649707881,194.61316394805908,112627.55302123618
